date,mortgage_rate
1971-04,7.31
1971-05,7.425
1971-06,7.529999999999999
1971-07,7.604000000000001
1971-08,7.6975
1971-09,7.6875
1971-10,7.628
1971-11,7.55
1971-12,7.4799999999999995
1972-01,7.4375
1972-02,7.324999999999999
1972-03,7.298
1972-04,7.29
1972-05,7.3725000000000005
1972-06,7.372
1972-07,7.3950000000000005
1972-08,7.4
1972-09,7.42
1972-10,7.42
1972-11,7.4275
1972-12,7.442
1973-01,7.4375
1973-02,7.4399999999999995
1973-03,7.458
1973-04,7.5424999999999995
1973-05,7.6525
1973-06,7.734
1973-07,8.05
1973-08,8.496
1973-09,8.815
1973-10,8.77
1973-11,8.581999999999999
1973-12,8.5375
1974-01,8.54
1974-02,8.455
1974-03,8.406
1974-04,8.5825
1974-05,8.972
1974-06,9.085
1974-07,9.28
1974-08,9.586
1974-09,9.9575
1974-10,9.9775
1974-11,9.788
1974-12,9.615
1975-01,9.431999999999999
1975-02,9.105
1975-03,8.9025
1975-04,8.82
1975-05,8.906
1975-06,8.8925
1975-07,8.89
1975-08,8.942
1975-09,9.13
1975-10,9.224
1975-11,9.145
1975-12,9.0975
1976-01,9.016
1976-02,8.8125
1976-03,8.754999999999999
1976-04,8.73
1976-05,8.765
1976-06,8.8475
1976-07,8.934000000000001
1976-08,9.0
1976-09,8.977500000000001
1976-10,8.93
1976-11,8.8125
1976-12,8.792
1977-01,8.7225
1977-02,8.67
1977-03,8.6875
1977-04,8.751999999999999
1977-05,8.8275
1977-06,8.8575
1977-07,8.941999999999998
1977-08,8.94
1977-09,8.896
1977-10,8.9225
1977-11,8.9225
1977-12,8.959999999999999
1978-01,9.015
1978-02,9.145
1978-03,9.202000000000002
1978-04,9.355
1978-05,9.5725
1978-06,9.708
1978-07,9.74
1978-08,9.785
1978-09,9.756
1978-10,9.8575
1978-11,10.1075
1978-12,10.346
1979-01,10.39
1979-02,10.4075
1979-03,10.425999999999998
1979-04,10.4975
1979-05,10.69
1979-06,11.036
1979-07,11.092500000000001
1979-08,11.094
1979-09,11.3
1979-10,11.6375
1979-11,12.830000000000002
1979-12,12.9
1980-01,12.8775
1980-02,13.040000000000001
1980-03,15.2825
1980-04,16.325000000000003
1980-05,14.262
1980-06,12.71
1980-07,12.192499999999999
1980-08,12.559999999999999
1980-09,13.1975
1980-10,13.791999999999998
1980-11,14.205
1980-12,14.79
1981-01,14.904
1981-02,15.1325
1981-03,15.4
1981-04,15.58
1981-05,16.402
1981-06,16.695
1981-07,16.832
1981-08,17.285
1981-09,18.16
1981-10,18.454
1981-11,17.825
1981-12,16.945999999999998
1982-01,17.485
1982-02,17.5975
1982-03,17.16
1982-04,16.892
1982-05,16.677500000000002
1982-06,16.697499999999998
1982-07,16.816
1982-08,16.27
1982-09,15.43
1982-10,14.608
1982-11,13.825
1982-12,13.624
1983-01,13.2475
1983-02,13.0425
1983-03,12.8
1983-04,12.782
1983-05,12.6325
1983-06,12.870000000000001
1983-07,13.422
1983-08,13.81
1983-09,13.725999999999999
1983-10,13.535
1983-11,13.435
1983-12,13.419999999999998
1984-01,13.3675
1984-02,13.2325
1984-03,13.386000000000001
1984-04,13.6525
1984-05,13.942499999999999
1984-06,14.416
1984-07,14.6675
1984-08,14.469999999999999
1984-09,14.35
1984-10,14.129999999999999
1984-11,13.638
1984-12,13.18
1985-01,13.075
1985-02,12.92
1985-03,13.169999999999998
1985-04,13.195
1985-05,12.913999999999998
1985-06,12.215
1985-07,12.032499999999999
1985-08,12.186
1985-09,12.1925
1985-10,12.135
1985-11,11.784
1985-12,11.26
1986-01,10.886
1986-02,10.71
1986-03,10.08
1986-04,9.9375
1986-05,10.144
1986-06,10.6825
1986-07,10.5075
1986-08,10.2
1986-09,10.0075
1986-10,9.974
1986-11,9.695
1986-12,9.31
1987-01,9.203999999999999
1987-02,9.0825
1987-03,9.035
1987-04,9.8325
1987-05,10.596
1987-06,10.5375
1987-07,10.278
1987-08,10.33
1987-09,10.8875
1987-10,11.26
1987-11,10.65
1987-12,10.64
1988-01,10.3825
1988-02,9.8925
1988-03,9.93
1988-04,10.202
1988-05,10.455
1988-06,10.46
1988-07,10.432
1988-08,10.5975
1988-09,10.48
1988-10,10.3025
1988-11,10.265
1988-12,10.612
1989-01,10.73
1989-02,10.645
1989-03,11.032
1989-04,11.05
1989-05,10.7725
1989-06,10.196
1989-07,9.8825
1989-08,9.985
1989-09,10.126000000000001
1989-10,9.9475
1989-11,9.7675
1989-12,9.744
1990-01,9.895
1990-02,10.1975
1990-03,10.268
1990-04,10.370000000000001
1990-05,10.4775
1990-06,10.164
1990-07,10.035
1990-08,10.1
1990-09,10.175
1990-10,10.1775
1990-11,10.014
1990-12,9.6725
1991-01,9.6375
1991-02,9.365
1991-03,9.5
1991-04,9.4925
1991-05,9.472
1991-06,9.615
1991-07,9.575
1991-08,9.244
1991-09,9.0075
1991-10,8.855
1991-11,8.712
1991-12,8.497499999999999
1992-01,8.431999999999999
1992-02,8.7625
1992-03,8.935
1992-04,8.8525
1992-05,8.672
1992-06,8.51
1992-07,8.128
1992-08,7.975
1992-09,7.922499999999999
1992-10,8.088
1992-11,8.305
1992-12,8.206
1993-01,7.9925
1993-02,7.6825
1993-03,7.495
1993-04,7.4719999999999995
1993-05,7.465
1993-06,7.4175
1993-07,7.206
1993-08,7.1125
1993-09,6.915
1993-10,6.8340000000000005
1993-11,7.155
1993-12,7.172
1994-01,7.0600000000000005
1994-02,7.1525
1994-03,7.675
1994-04,8.315999999999999
1994-05,8.5975
1994-06,8.3975
1994-07,8.614
1994-08,8.5125
1994-09,8.64
1994-10,8.925
1994-11,9.17
1994-12,9.198
1995-01,9.1475
1995-02,8.8275
1995-03,8.462
1995-04,8.32
1995-05,7.955
1995-06,7.566
1995-07,7.6075
1995-08,7.86
1995-09,7.636
1995-10,7.475
1995-11,7.3774999999999995
1995-12,7.2
1996-01,7.029999999999999
1996-02,7.075
1996-03,7.624
1996-04,7.925000000000001
1996-05,8.07
1996-06,8.32
1996-07,8.245000000000001
1996-08,8.001999999999999
1996-09,8.23
1996-10,7.915
1996-11,7.618
1996-12,7.5975
1997-01,7.824
1997-02,7.65
1997-03,7.8975
1997-04,8.1425
1997-05,7.944
1997-06,7.6899999999999995
1997-07,7.4975
1997-08,7.4799999999999995
1997-09,7.43
1997-10,7.294
1997-11,7.205
1997-12,7.095000000000001
1998-01,6.994
1998-02,7.0425
1998-03,7.1275
1998-04,7.140000000000001
1998-05,7.144
1998-06,6.9975000000000005
1998-07,6.952
1998-08,6.9225
1998-09,6.7225
1998-10,6.709999999999999
1998-11,6.865
1998-12,6.7379999999999995
1999-01,6.785
1999-02,6.8075
1999-03,7.04
1999-04,6.9159999999999995
1999-05,7.145
1999-06,7.55
1999-07,7.632
1999-08,7.9425
1999-09,7.8225
1999-10,7.851999999999999
1999-11,7.7375
1999-12,7.912000000000001
2000-01,8.21
2000-02,8.325
2000-03,8.24
2000-04,8.1525
2000-05,8.515
2000-06,8.288
2000-07,8.1475
2000-08,8.0275
2000-09,7.912000000000001
2000-10,7.795
2000-11,7.745
2000-12,7.382
2001-01,7.0325
2001-02,7.05
2001-03,6.952
2001-04,7.0775
2001-05,7.145
2001-06,7.159999999999999
2001-07,7.1275
2001-08,6.95
2001-09,6.8175
2001-10,6.6175
2001-11,6.6579999999999995
2001-12,7.0649999999999995
2002-01,6.9975
2002-02,6.8925
2002-03,7.014
2002-04,6.985
2002-05,6.806
2002-06,6.65
2002-07,6.485
2002-08,6.29
2002-09,6.0925
2002-10,6.1125
2002-11,6.068
2002-12,6.0475
2003-01,5.9159999999999995
2003-02,5.8425
2003-03,5.745
2003-04,5.8125
2003-05,5.484
2003-06,5.23
2003-07,5.6325
2003-08,6.264
2003-09,6.1475
2003-10,5.952
2003-11,5.9325
2003-12,5.8759999999999994
2004-01,5.7125
2004-02,5.635
2004-03,5.445
2004-04,5.83
2004-05,6.27
2004-06,6.2875
2004-07,6.056
2004-08,5.8675
2004-09,5.754
2004-10,5.7225
2004-11,5.73
2004-12,5.752
2005-01,5.71
2005-02,5.6275
2005-03,5.928
2005-04,5.855
2005-05,5.72
2005-06,5.582
2005-07,5.695
2005-08,5.82
2005-09,5.774
2005-10,6.065
2005-11,6.33
2005-12,6.272
2006-01,6.145
2006-02,6.2525
2006-03,6.324
2006-04,6.5075
2006-05,6.5975
2006-06,6.6819999999999995
2006-07,6.7625
2006-08,6.523999999999999
2006-09,6.4025
2006-10,6.3575
2006-11,6.24
2006-12,6.135
2007-01,6.2175
2007-02,6.285
2007-03,6.156000000000001
2007-04,6.18
2007-05,6.2620000000000005
2007-06,6.657500000000001
2007-07,6.695
2007-08,6.572
2007-09,6.3825
2007-10,6.375
2007-11,6.208
2007-12,6.095
2008-01,5.758
2008-02,5.9175
2008-03,5.97
2008-04,5.9175
2008-05,6.036
2008-06,6.32
2008-07,6.425999999999999
2008-08,6.4775
2008-09,6.0375
2008-10,6.2
2008-11,6.0875
2008-12,5.286
2009-01,5.047499999999999
2009-02,5.13
2009-03,5.0025
2009-04,4.8100000000000005
2009-05,4.8575
2009-06,5.42
2009-07,5.2219999999999995
2009-08,5.1925
2009-09,5.0575
2009-10,4.952
2009-11,4.875
2009-12,4.93
2010-01,5.03
2010-02,4.99
2010-03,4.9675
2010-04,5.098000000000001
2010-05,4.8875
2010-06,4.7375
2010-07,4.564
2010-08,4.4275
2010-09,4.346
2010-10,4.225
2010-11,4.3
2010-12,4.714
2011-01,4.755
2011-02,4.9525
2011-03,4.836
2011-04,4.84
2011-05,4.6375
2011-06,4.51
2011-07,4.545
2011-08,4.27
2011-09,4.106
2011-10,4.0675
2011-11,3.9925
2011-12,3.9579999999999997
2012-01,3.915
2012-02,3.89
2012-03,3.9539999999999997
2012-04,3.91
2012-05,3.7979999999999996
2012-06,3.675
2012-07,3.55
2012-08,3.6019999999999994
2012-09,3.4975
2012-10,3.3825000000000003
2012-11,3.3519999999999994
2012-12,3.3449999999999998
2013-01,3.414
2013-02,3.5324999999999998
2013-03,3.565
2013-04,3.4450000000000003
2013-05,3.536
2013-06,4.07
2013-07,4.37
2013-08,4.456
2013-09,4.49
2013-10,4.192
2013-11,4.255
2013-12,4.4575
2014-01,4.432
2014-02,4.3025
2014-03,4.3425
2014-04,4.3375
2014-05,4.192
2014-06,4.1625
2014-07,4.13
2014-08,4.115
2014-09,4.1625
2014-10,4.036
2014-11,3.9975
2014-12,3.864
2015-01,3.67
2015-02,3.71
2015-03,3.77
2015-04,3.6719999999999997
2015-05,3.84
2015-06,3.9825
2015-07,4.046
2015-08,3.9050000000000002
2015-09,3.89
2015-10,3.7960000000000003
2015-11,3.9425
2015-12,3.964
2016-01,3.8725
2016-02,3.66
2016-03,3.694
2016-04,3.605
2016-05,3.6
2016-06,3.568
2016-07,3.44
2016-08,3.435
2016-09,3.46
2016-10,3.47
2016-11,3.77
2016-12,4.198
2017-01,4.15
2017-02,4.1675
2017-03,4.196
2017-04,4.045
2017-05,4.01
2017-06,3.904
2017-07,3.9675000000000002
2017-08,3.88
2017-09,3.8049999999999997
2017-10,3.895
2017-11,3.9219999999999997
2017-12,3.95
2018-01,4.032500000000001
2018-02,4.33
2018-03,4.444
2018-04,4.4675
2018-05,4.586
2018-06,4.57
2018-07,4.5275
2018-08,4.55
2018-09,4.6274999999999995
2018-10,4.83
2018-11,4.866
2018-12,4.6375
2019-01,4.464
2019-02,4.37
2019-03,4.265
2019-04,4.1425
2019-05,4.072
2019-06,3.8024999999999998
2019-07,3.765
2019-08,3.6159999999999997
2019-09,3.605
2019-10,3.6879999999999997
2019-11,3.6950000000000003
2019-12,3.72
2020-01,3.624
2020-02,3.4650000000000003
2020-03,3.45
2020-04,3.306
2020-05,3.2325
2020-06,3.1625
2020-07,3.016
2020-08,2.935
2020-09,2.89
2020-10,2.834
2020-11,2.765
2020-12,2.684
2021-01,2.735
2021-02,2.81
2021-03,3.0825
2021-04,3.06
2021-05,2.9625
2021-06,2.975
2021-07,2.868
2021-08,2.8425000000000002
2021-09,2.9
2021-10,3.0675
2021-11,3.0675
2021-12,3.098
2022-01,3.4450000000000003
2022-02,3.7625
2022-03,4.172
2022-04,4.9825
2022-05,5.2299999999999995
2022-06,5.522
2022-07,5.4125
2022-08,5.2225
2022-09,6.112
2022-10,6.9
2022-11,6.805
2022-12,6.364
2023-01,6.2725
2023-02,6.2575
2023-03,6.544
2023-04,6.342499999999999
2023-05,6.425
2023-06,6.714
2023-07,6.84
2023-08,7.072
2023-09,7.2
2023-10,7.62
2023-11,7.442
2023-12,6.815
2024-01,6.6425
2024-02,6.776000000000001
2024-03,6.82
2024-04,6.9925
2024-05,7.06
2024-06,6.9175
2024-07,6.8475
2024-08,6.5
2024-09,6.18
2024-10,6.428
2024-11,6.805
2024-12,6.715
2025-01,6.958
2025-02,6.842499999999999
2025-03,6.65
2025-04,6.725
2025-05,6.816
2025-06,6.8175
2025-07,6.720000000000001
2025-08,6.5875
2025-09,6.3525
2025-10,6.303333333333334
